Category,Term ,Definition
Disease/Illness,Influenza,"A contagious respiratory illness caused by influenza viruses, leading to symptoms like fever, cough, and body aches"
Disease/Illness,Tuberculosis,"A bacterial infection caused by Mycobacterium tuberculosis, primarily affecting the lungs but can spread to other organs."
Disease/Illness,HIV/AIDS,"Human Immunodeficiency Virus (HIV) attacks the immune system, progressing to Acquired Immunodeficiency Syndrome (AIDS) if untreated."
Disease/Illness,Malaria,"A mosquito-borne infectious disease caused by Plasmodium parasites, characterized by fever, chills, and flu-like symptoms."
Disease/Illness,Hepatitis B,"A viral infection of the liver caused by the hepatitis B virus, leading to inflammation, cirrhosis, and, in chronic cases, liver cancer."
Disease/Illness,COVID-19,"A respiratory illness caused by the SARS-CoV-2 virus, associated with symptoms like fever, cough, and respiratory distress."
Disease/Illness,Dengue Fever,"A viral infection transmitted by Aedes mosquitoes, causing high fever, severe headache, and joint pain"
Disease/Illness,Cholera,"An infection of the small intestine by Vibrio cholerae bacteria, resulting in severe diarrhea and dehydration."
Disease/Illness,Pneumonia,"An infection causing inflammation of the air sacs in the lungs, which can fill with fluid, caused by bacteria, viruses, or fungi."
Disease/Illness,Lyme Disease,"A tick-borne bacterial infection by Borrelia burgdorferi, leading to rash, fever, and joint pain."
Disease/Illness,Diabetes Mellitus,"A chronic condition where the body is unable to regulate blood glucose levels, leading to hyperglycemia and associated complications."
Disease/Illness,Hypertension,"A condition characterized by persistently high blood pressure, increasing risks of heart disease and stroke."
Disease/Illness,Asthma,"A chronic respiratory disease causing inflammation and narrowing of the airways, resulting in breathing difficulty."
Disease/Illness,Chronic Obstructive Pulmonary Disease (COPD),"A progressive lung disease, often linked to smoking, that causes airflow blockage and breathing issues."
Disease/Illness,Rheumatoid Arthritis,"An autoimmune disorder where the immune system attacks the joints, leading to inflammation and joint damage."
Disease/Illness,Parkinson’s Disease,"A neurodegenerative disorder affecting movement, often including tremors, stiffness, and balance issues."
Disease/Illness,Alzheimer’s Disease,"A progressive neurodegenerative disorder leading to memory loss, confusion, and cognitive decline."
Disease/Illness,Osteoporosis,"A bone disease that decreases bone density, making bones brittle and more prone to fractures."
Disease/Illness,Multiple Sclerosis (MS),An autoimmune disease in which the immune system attacks the protective sheath covering nerve fibers in the central nervous system.
Disease/Illness,Chronic Kidney Disease (CKD),"Gradual loss of kidney function, leading to fluid and waste buildup in the body."
Disease/Illness,Coronary Artery Disease (CAD),"Narrowing of coronary arteries due to plaque buildup, leading to reduced blood flow to the heart."
Disease/Illness,Heart Failure,A condition in which the heart is unable to pump enough blood to meet the body’s needs.
Disease/Illness,Arrhythmia,"An abnormal heart rhythm, which may be too fast, too slow, or irregular."
Disease/Illness,Stroke,"Occurs when blood flow to part of the brain is interrupted, leading to brain cell damage and potential loss of function."
Disease/Illness,Peripheral Artery Disease (PAD),"Narrowing of the peripheral arteries, commonly in the legs, due to atherosclerosis."
Disease/Illness,Cystic Fibrosis,"A genetic disorder affecting the lungs and digestive system, caused by mutations in the CFTR gene."
Disease/Illness,Sickle Cell Anemia,"A hereditary blood disorder where red blood cells become misshaped, leading to anemia and pain."
Disease/Illness,Huntington’s Disease,"An inherited neurodegenerative disorder that causes uncontrolled movements, emotional problems, and cognitive decline."
Disease/Illness,Tay-Sachs Disease,A rare inherited disorder causing the progressive destruction of nerve cells in the brain and spinal cord.
Disease/Illness,Down Syndrome,"A genetic condition where a person has an extra chromosome 21, causing developmental and physical differences."
Disease/Illness,Major Depressive Disorder,"A mental health condition characterized by persistent feelings of sadness, loss of interest, and various physical symptoms."
Disease/Illness,Generalized Anxiety Disorder (GAD),A disorder marked by excessive worry about various aspects of daily life.
Disease/Illness,Schizophrenia,"A chronic mental disorder characterized by delusions, hallucinations, and impaired cognitive functions."
Disease/Illness,Bipolar Disorder,"A mental disorder causing extreme mood swings, including emotional highs (mania) and lows (depression)."
Disease/Illness,Obsessive-Compulsive Disorder (OCD),A disorder characterized by intrusive thoughts (obsessions) and repetitive behaviors (compulsions).
Disease/Illness,Lupus (Systemic Lupus Erythematosus),An autoimmune disease causing widespread inflammation and tissue damage in various body systems.
Disease/Illness,Celiac Disease,"An autoimmune reaction to gluten, leading to damage in the small intestine."
Disease/Illness,Psoriasis,"An autoimmune condition causing rapid skin cell buildup, leading to scaling and red patches."
Disease/Illness,Graves’ Disease,An autoimmune disorder that leads to overactivity of the thyroid gland (hyperthyroidism).
Disease/Illness,Hashimoto’s Thyroiditis,"An autoimmune disorder where the immune system attacks the thyroid, leading to hypothyroidism."
Disease/Illness,Hyperthyroidism,"A condition where the thyroid gland produces excessive thyroid hormone, leading to weight loss, rapid heart rate, and nervousness."
Disease/Illness,Hypothyroidism,"A condition in which the thyroid gland does not produce enough hormones, leading to fatigue and weight gain."
Disease/Illness,Addison’s Disease,A rare endocrine disorder in which the adrenal glands produce insufficient cortisol and aldosterone.
Disease/Illness,Cushing’s Syndrome,"A condition resulting from excessive cortisol, leading to weight gain, muscle weakness, and high blood pressure."
Disease/Illness,Polycystic Ovary Syndrome (PCOS),"A hormonal disorder causing enlarged ovaries with small cysts, leading to irregular periods and infertility."
Disease/Illness,Irritable Bowel Syndrome (IBS),"A common disorder affecting the large intestine, causing cramping, abdominal pain, and altered bowel habits."
Disease/Illness,Crohn’s Disease,A chronic inflammatory bowel disease affecting the lining of the digestive tract.
Disease/Illness,Ulcerative Colitis,"A chronic inflammatory condition of the colon and rectum, causing abdominal pain and diarrhea."
Disease/Illness,Gastroesophageal Reflux Disease (GERD),"A chronic digestive condition where stomach acid flows back into the esophagus, causing heartburn"
Disease/Illness,Peptic Ulcer Disease,"Sores that develop on the lining of the stomach, small intestine, or esophagus, often due to H. pylori infection."
Disease/Illness,Epilepsy,"A neurological disorder marked by recurrent, unprovoked seizures."
Disease/Illness,Migraine,"A neurological condition causing intense, throbbing headaches often accompanied by nausea and light sensitivity."
Disease/Illness,Amyotrophic Lateral Sclerosis (ALS),A progressive neurodegenerative disease affecting nerve cells in the brain and spinal cord.
Disease/Illness,Bell’s Palsy,A condition causing temporary weakness or paralysis of the facial muscles.
Disease/Illness,Tourette Syndrome,"A neurological disorder characterized by repetitive, involuntary movements and vocalizations called tics."
Disease/Illness,Rosacea,"A chronic skin condition causing redness and visible blood vessels, typically on the face."
Disease/Illness,Acne Vulgaris,"A common skin condition characterized by pimples, blackheads, and cysts due to clogged pores."
Disease/Illness,Vitiligo,A disorder causing the loss of skin pigment in patches due to the destruction of melanocytes.
Disease/Illness,Melanoma,A type of skin cancer that develops in the cells that produce melanin (the pigment that gives skin color).
Disease/Illness,Common cold,"A viral infection of the upper respiratory tract, causing cough, sore throat, and congestion."
Disease/Illness,Influenza,"A contagious viral illness marked by fever, chills, and body aches"
Disease/Illness,Food Poisoning,"Illness caused by consuming contaminated food, with symptoms like nausea and diarrhea."
Disease/Illness,Bronchitis,"Inflammation of the bronchial tubes in the lungs, often causing cough and mucus production."
Disease/Illness,Pneumonia,"Infection causing inflammation in the air sacs of the lungs, leading to cough, fever, and breathing difficulty"
Disease/Illness,Gastroenteritis,"Inflammation of the stomach and intestines, causing diarrhea, vomiting, and stomach cramps."
Disease/Illness,Chronic Fatigue Syndrome,A complex disorder characterized by extreme fatigue that doesn’t improve with rest.
Disease/Illness,Irritable Bowel Syndrome (IBS),"A digestive illness causing abdominal pain, bloating, and changes in bowel habits."
Disease/Illness,Acute Stress Reaction,"A short-term illness following exposure to a traumatic event, resulting in anxiety and shock-like symptoms"
Disease/Illness,Anxiety Disorder,An illness involving excessive worry or fear that interferes with daily activities.
Disease/Illness,Depression,"A mental illness marked by persistent sadness, lack of interest, and fatigue"
Disease/Illness,Asthma,"A chronic illness where the airways become inflamed, causing breathing difficulties and wheezing."
Disease/Illness,Type 1 Diabetes,"An autoimmune illness where the body can’t produce insulin, leading to high blood sugar levels."
Disease/Illness,Type 2 Diabetes,"A metabolic illness where the body doesn’t respond properly to insulin, leading to elevated blood sugar"
Disease/Illness,Seasonal Allergies (Allergic Rhinitis),"An immune response to allergens, such as pollen, causing sneezing, itching, and congestion"
Disease/Illness,Peptic Ulcer,"A condition where sores develop on the lining of the stomach or intestines, often due to H. pylori infection"
Disease/Illness,Chronic Obstructive Pulmonary Disease (COPD),"A long-term illness causing airflow blockage and breathing issues, often due to smoking"
Disease/Illness,Eczema,"A chronic skin illness causing itchy, inflamed patches"
Disease/Illness,Psoriasis,"An autoimmune illness that leads to rapid skin cell buildup, creating scaly patches on the skin."
Disease/Illness,Migraine,"A neurological illness with recurrent, severe headaches, often accompanied by nausea and light sensitivity."
Disease/Illness,Hypertension (High Blood Pressure),A condition where blood pressure in the arteries is consistently elevated.
Disease/Illness,Arthritis,"A condition causing inflammation and pain in the joints, commonly osteoarthritis or rheumatoid arthritis"
Disease/Illness,Endometriosis,"A gynecological illness where tissue similar to the uterine lining grows outside the uterus, causing pain"
Disease/Illness,Acute Appendicitis,"A sudden inflammation of the appendix, often causing abdominal pain that requires urgent treatment"
Disease/Illness,Sinusitis,"Inflammation of the sinuses, often resulting in headaches, congestion, and facial pain"
Disease/Illness,Heat Exhaustion,"Illness from prolonged exposure to high temperatures, with symptoms like sweating, dizziness, and weakness"
Disease/Illness,Jet Lag,"A temporary condition caused by rapid travel across time zones, leading to sleep disturbances and fatigue"
Disease/Illness,Altitude Sickness,"Illness from reduced oxygen at high altitudes, with symptoms like headache, nausea, and dizziness"
Disease/Illness,Motion Sickness,"A condition triggered by certain types of movement, causing nausea, sweating, and dizziness"
Disease/Illness,Hypothermia,"Illness from prolonged exposure to cold, leading to shivering, confusion, and fatigue"
Disease/Illness,Sunburn,"Skin irritation and damage due to excessive sun exposure, causing redness, pain, and sometimes blisters"
Disease/Illness,Tension Headache,A mild to moderate headache often caused by stress or muscle strain around the head and neck
Disease/Illness,Heart Palpitations,"A sensation where the heart feels like it’s pounding or racing, often related to stress or anxiety."
Disease/Illness,Sinus Congestion,"Blockage of the nasal passages, often due to colds or allergies, causing pressure and difficulty breathing"
Disease/Illness,Laryngitis,"Inflammation of the voice box (larynx), often resulting in hoarseness or loss of voice"
Disease/Illness,Sleep Deprivation,"Illness due to lack of sleep, resulting in fatigue, poor concentration, and mood changes."
Disease/Illness,Dehydration,"A condition resulting from inadequate fluid intake, leading to dizziness, dry mouth, and weakness."
Disease/Illness,Hangover,"A temporary illness after excessive alcohol consumption, with symptoms like headache, nausea, and dehydration."
Disease/Illness,Fainting (Syncope),A temporary loss of consciousness often caused by a drop in blood pressure.
Disease/Illness,Cold Sores,"Small blisters around the lips caused by the herpes simplex virus, often appearing during stress or illness"
Disease/Illness,Stye,"A red, painful lump near the edge of the eyelid, typically due to an infected eyelash follicle."
Disease/Illness,Hiccups,"Involuntary contractions of the diaphragm that lead to a “hic” sound, often from eating too quickly or drinking carbonated beverages."
Disease/Illness,Hyperventilation,"Rapid or deep breathing often due to anxiety, which can cause dizziness and tingling in the fingers."
Disease/Illness,Yeast Infection (Candidiasis),"An overgrowth of yeast in areas like the mouth or genitals, often resulting in itching or discomfort."
Disease/Illness,Hives,"A skin reaction characterized by red, itchy welts, usually due to an allergen or stress."
Disease/Illness,Constipation,"Difficulty in passing stool, often due to dehydration, poor diet, or lack of physical activity."
Disease/Illness,Nasal Polyps,Non-cancerous growths in the nasal passages that can cause congestion and a reduced sense of smell
Disease/Illness,Athlete’s Foot,"A fungal infection of the feet, leading to itching, peeling, and cracked skin."
Disease/Illness,Restless Leg Syndrome,"An uncontrollable urge to move the legs, especially at night, leading to discomfort and disrupted sleep"
Disease/Illness,Swimmer’s Ear,"An ear infection caused by trapped water in the ear canal, leading to pain, itching, and discharge"
Disease/Illness,Sciatica,"Pain that radiates along the sciatic nerve, often due to irritation, inflammation, or pressure on the nerve"
Disease/Illness,Indigestion,"Discomfort or pain in the stomach associated with eating, including bloating and gas."
Symptom,Flu-like Symptoms,"A general term for symptoms that resemble the flu, including fever, chills, muscle aches, and fatigue."
Symptom,Fever,"Elevated body temperature, often a sign of infection."
Symptom,Chills,"A sensation of cold accompanied by shivering, often caused by the body's response to fever, infection, or sudden changes in temperature, as it works to regulate internal body heat"
Symptom,Muscle aches,"Soreness or stiffness in muscles, sometimes due to overuse or viral illness."
Symptom,Fatigue,Persistent feeling of tiredness or lack of energy not relieved by rest.
Symptom,Nausea,A sensation of unease and discomfort in the stomach with an urge to vomit
Symptom,Insomnia,"Difficulty falling or staying asleep, leading to reduced quality and duration of sleep"
Symptom,Back Pain,"Pain or discomfort in the lower or upper back, often due to strain or posture issues"
Symptom,Anxiety,"Feelings of worry, nervousness, or unease, typically about an imminent event or uncertain outcome."
Symptom,Dizziness,"A sensation of spinning or losing one’s balance, often caused by dehydration, anxiety, or sudden movement"
Symptom,Heartburn,"A burning pain in the chest, often after eating, due to acid reflux."
Symptom,Constipation,"Difficulty in emptying the bowels, usually associated with hard stools"
Symptom,Headache,"Pain or discomfort in the head, scalp, or neck, with various potential causes."
Symptom,Cough,"Reflex to clear the throat of mucus or irritants, often due to respiratory infection"
Symptom,Joint Pain,"Discomfort, aches, or soreness in the joints, which can occur in various parts of the body."
Symptom,Sore Throat,Pain or irritation of the throat that can worsen when swallowing.
Symptom,Menstrual Cramps,Pain in the lower abdomen associated with menstruation
Symptom,Shortness of Breath,"Difficulty breathing or feeling of insufficient air intake, sometimes due to physical exertion."
Symptom,Chest Pain,"Discomfort or pain in the chest that may stem from various causes, including muscle strain or respiratory issues."
Symptom,Swelling,"Enlargement or puffiness of a body part, often due to injury or inflammation."
Symptom,Abdominal Pain,"Pain in the abdomen, which can be caused by digestive issues, cramps, or other factors."
Symptom,Loss of Appetite,"Reduced desire to eat, which can accompany other illnesses or stress"
Symptom,Abnormal Bleeding,"Unusual bleeding from the nose, gums, or other areas, often indicative of a clotting issue or injury."
Symptom,Blurred Vision,"Loss of sharpness in sight, making objects appear out of focus or hazy."
Symptom,Cold Sensitivity,"Unusual discomfort when exposed to cold temperatures, potentially indicating thyroid problems or circulation issues."
Symptom,Cramping,"Sudden, involuntary muscle contractions causing pain, often in the abdomen or limbs."
Symptom,Difficulty Swallowing (Dysphagia),"Trouble moving food or liquid from the mouth to the stomach, potentially due to an obstruction or nerve problem."
Symptom,Double Vision (Diplopia),"Seeing two images of a single object, often due to misalignment of the eyes or neurological issues."
Symptom,Dry Mouth,Reduced saliva production leading to a parched or sticky feeling in the mouth.
Symptom,Earache,"Pain in or around the ear, often due to infection or inflammation."
Symptom,Excessive Sweating (Hyperhidrosis),"Sweating more than is typical, even in cool conditions or without exertion."
Symptom,Eye Twitching,"Involuntary muscle contractions in the eyelid, often due to fatigue or stress."
Symptom,Facial Swelling,"Puffiness or enlargement of the face, possibly due to allergic reactions or fluid retention."
Symptom,Frequent Urination,"The need to urinate more often than usual, potentially due to diabetes or a urinary tract infection."
Symptom,Generalized Weakness,"A lack of strength or energy throughout the body, often linked to fatigue or illness."
Symptom,Hair Loss (Alopecia),Thinning or loss of hair from the scalp or other parts of the body.
Symptom,Heart Racing (Tachycardia),A rapid heartbeat that may feel irregular or pounding.
Symptom,Hoarseness,"A change in the voice that sounds raspy, strained, or softer than usual, often due to laryngitis."
Symptom,Hot Flashes,"Sudden feelings of warmth, often over the face and neck, sometimes accompanied by sweating."
Symptom,Itching (Pruritus),"A sensation that causes a desire to scratch, often due to dry skin or allergic reactions."
Symptom,Jaw Pain,"Discomfort in the jaw area, which can be related to teeth, joints, or nerve issues."
Symptom,Lightheadedness,"A feeling of being about to faint or lose balance, often due to dehydration or low blood pressure."
Symptom,Loss of Taste (Ageusia),"The inability to perceive flavors, often associated with viral infections or nerve damage."
Symptom,Muscle Stiffness,"Difficulty in moving muscles smoothly, often accompanied by soreness or pain."
Symptom,Nasal Drip,Excessive mucus dripping down the back of the throat from the nose.
Symptom,Numbness,"Loss of sensation or feeling in a part of the body, often due to nerve damage or poor circulation."
Symptom,Pale Skin (Pallor),"Unusually light skin tone, often a sign of anemia or poor circulation."
Symptom,Pounding Headache,"A severe, throbbing pain in the head, often described as pulsating."
Symptom,Rashes,"Red, inflamed, or irritated skin that may be itchy or painful."
Symptom,Ringing in the Ears (Tinnitus),"Perception of a ringing, buzzing, or hissing sound in the absence of external noise."
Symptom,Shaking (Tremors),"Involuntary, rhythmic muscle movements, often due to neurological issues or anxiety."
Symptom,Shortened Breath Sounds,"A decrease in the usual sounds of air movement during breathing, indicating possible lung issues."
Symptom,Skin Discoloration,"Abnormal changes in skin color, such as yellowing (jaundice) or bluish tints (cyanosis)."
Symptom,Slurred Speech,"Difficulty pronouncing words clearly, often due to neurological conditions or intoxication."
Symptom,Stiff Neck,"Difficulty or pain in moving the neck, often associated with muscle strain or meningitis."
Symptom,Swollen Glands,"Enlarged lymph nodes, often tender to touch, indicating infection or immune response."
Symptom,Tingling Sensation,"A pins-and-needles feeling, often due to nerve compression or damage."
Symptom,Unintended Weight Gain,"Increase in body weight without changes in diet or activity, possibly linked to hormonal issues."
Symptom,Unintended Weight Loss,"A decrease in body weight without effort, often a sign of illness or malnutrition."
Symptom,Vomiting Blood (Hematemesis),"The expulsion of blood through vomiting, indicating possible gastrointestinal bleeding."
Symptom,Watery Eyes,"Excessive tearing, often caused by irritation or infection."
Symptom,Wheezing,"A high-pitched whistling sound during breathing, often due to airway obstruction or asthma."
Treatments,Antibiotics,Medications used to treat bacterial infections by killing bacteria or inhibiting their growth.
Treatments,Antiviral Therapy,Medications designed to treat viral infections by inhibiting the replication of viruses.
Treatments,Chemotherapy,The use of drugs to kill or slow the growth of cancer cells
Treatments,Radiation Therapy,The use of high-energy radiation to destroy cancer cells or shrink tumors
Treatments,Immunotherapy,Treatment that boosts or modifies the immune system to fight diseases like cancer or autoimmune disorders.
Treatments,Physical Therapy (Physiotherapy),"Exercises and physical interventions to improve movement, strength, and reduce pain after injury or illness"
Treatments,Occupational Therapy,"Therapy to help individuals develop or regain the ability to perform daily activities after injury, illness, or disability"
Treatments,Cognitive Behavioral Therapy (CBT),A form of psychotherapy that helps individuals manage mental health conditions by changing thought patterns.
Treatments,Surgery,"A medical procedure involving an incision to repair, remove, or treat internal conditions."
Treatments,Vaccination,Administration of a vaccine to stimulate the immune system to protect against infectious diseases.
Treatments,Dialysis,"A treatment to remove waste, toxins, and excess fluid from the blood when the kidneys are not functioning properly."
Treatments,Bone Marrow Transplant,Replacement of damaged or destroyed bone marrow with healthy bone marrow cells.
Treatments,Insulin Therapy,Use of insulin injections or pumps to manage blood sugar levels in people with diabetes.
Treatments,Dietary Management,"Tailoring a diet to manage or treat a medical condition, such as diabetes or food allergies."
Treatments,Oxygen Therapy,The delivery of extra oxygen to the lungs to treat conditions like COPD or hypoxia.
Treatments,Anticoagulants (Blood Thinners),Medications that prevent blood clots or treat existing clots.
Treatments,Antihistamines,"Medications that block histamines to treat allergies, hives, and itching."
Treatments,Steroid Therapy,Use of corticosteroids to reduce inflammation in conditions like asthma or arthritis.
Treatments,Pain Management (Analgesics),"The use of medications like acetaminophen, NSAIDs, or opioids to relieve pain."
Treatments,Antidepressants,Medications to treat depression and other mood disorders by balancing brain chemicals.
Treatments,Hormone Replacement Therapy (HRT),"Replacement of hormones, such as estrogen or testosterone, to manage symptoms of hormonal imbalance"
Treatments,Anticonvulsants,Medications used to prevent or reduce the frequency of seizures.
Treatments,Bronchodilators,Medications that relax airway muscles to improve breathing in asthma or COPD patients.
Treatments,Blood Transfusion,Transferring blood or blood products into a patient to treat conditions like severe anemia or blood loss
Treatments,Psychotherapy,"Various forms of talk therapy to treat mental health disorders, such as anxiety or PTSD."
Treatments,IV Fluids,Intravenous delivery of fluids to treat dehydration or provide nutrients and medications.
Treatments,Wound Debridement,Removal of dead or infected tissue to promote healing of a wound.
Treatments,Palliative Care,Treatment focused on relieving symptoms and improving quality of life in serious illnesses.
Treatments,Anti-inflammatory Medications,Drugs like ibuprofen or naproxen used to reduce inflammation and pain.
Treatments,Antipyretics,Medications such as acetaminophen or ibuprofen to reduce fever.
Treatments,Inhalers,"Devices delivering medication directly to the lungs, used for asthma or other respiratory conditions."
Treatments,Electroconvulsive Therapy (ECT),A psychiatric treatment involving electrical stimulation of the brain to treat severe depression or bipolar disorder.
Treatments,CPAP Therapy (Continuous Positive Airway Pressure),A treatment for sleep apnea that keeps airways open using constant airflow.
Treatments,Acupuncture,A traditional treatment using thin needles inserted into specific points on the body to alleviate pain or promote healing.
Treatments,Massage Therapy,"Manipulation of soft tissues to reduce pain, improve circulation, and relieve stress."
Treatments,Topical Medications,"Creams, ointments, or patches applied to the skin to treat localized conditions like rashes or pain"
Treatments,Antiemetics,Medications to prevent or treat nausea and vomiting.
Treatments,Sterile Dressing,Application of sterile material to protect a wound from infection and promote healing.
Treatments,Antifungal Medications,Drugs to treat fungal infections like athlete’s foot or ringworm.
Treatments,Stent Placement,A procedure to insert a small mesh tube into a blocked artery to keep it open.
Treatments,Prosthetics,Artificial devices used to replace missing limbs or other body parts.
Treatments,Cryotherapy,"Treatment involving extreme cold to remove abnormal tissues, such as warts or certain skin cancers."
Treatments,Rehabilitation Programs,"Structured programs to restore function and health after surgery, injury, or addiction."
Treatments,Detoxification (Detox),"The process of removing toxins from the body, often used in addiction recovery."
Treatments,Corticosteroid Injections,Injections to reduce inflammation in conditions like joint pain or tendinitis.
Treatments,Laser Therapy,"Use of focused light beams to treat skin conditions, remove tumors, or improve vision (e.g., LASIK)."
Treatments,Chiropractic Care,Manual adjustment of the spine and other joints to relieve pain and improve function.
Treatments,Pacemaker Implantation,Insertion of a device to regulate abnormal heart rhythms.
Treatments,Antacid Therapy,Medications to neutralize stomach acid and relieve indigestion or heartburn.
Treatments,Cognitive Rehabilitation,Therapy to improve thinking and memory skills in people with brain injuries or neurological conditions.
Treatments,Hyperbaric Oxygen Therapy (HBOT),Breathing pure oxygen in a pressurized chamber to treat conditions like decompression sickness or non-healing wounds
Treatments,Extracorporeal Shock Wave Therapy (ESWT),Use of acoustic waves to treat chronic pain or improve healing in musculoskeletal injuries.
Treatments,Stem Cell Therapy,Treatment using stem cells to repair or replace damaged tissues or cells.
Treatments,Platelet-Rich Plasma (PRP) Therapy,Injection of concentrated platelets to promote healing in injuries or conditions like tendinitis.
Treatments,Carpal Tunnel Release,A surgical procedure to relieve pressure on the median nerve in the wrist.
Treatments,Deep Brain Stimulation (DBS),Implantation of electrodes in the brain to treat movement disorders like Parkinson’s disease.
Treatments,Biofeedback Therapy,A technique to train patients to control physiological functions like heart rate or muscle tension through feedback devices.
Treatments,Hydrotherapy,"The use of water in various forms (hot baths, whirlpools) for pain relief and relaxation."
Treatments,Lithotripsy,A procedure using shock waves to break up kidney stones or gallstones.
Treatments,Balloon Angioplasty,Insertion of a small balloon into a blood vessel to widen it and improve blood flow.
Treatments,Cupping Therapy,A traditional treatment using suction cups on the skin to increase blood flow and reduce muscle tension.
Treatments,Antipsychotic Medications,Drugs used to treat psychiatric conditions like schizophrenia or bipolar disorder by altering brain chemistry.
Treatments,Smoking Cessation Therapy,Treatments like nicotine replacement or counseling to help patients quit smoking.
Treatments,Gene Therapy,Modifying or replacing defective genes to treat genetic disorders or certain cancers.
Treatments,Bloodletting,"A traditional treatment still used in specific modern contexts, like treating hemochromatosis or polycythemia"
Treatments,Knee Arthroscopy,A minimally invasive surgery to diagnose or treat knee joint problems.
Treatments,Tracheostomy,Surgical creation of an opening in the trachea to assist with breathing.
Treatments,Radiofrequency Ablation (RFA),"A procedure that uses heat from radio waves to destroy abnormal tissue, such as in heart arrhythmias or cancer."
Treatments,Bariatric Surgery,Weight-loss surgeries like gastric bypass or sleeve gastrectomy for obesity management.
Treatments,Neurostimulation Therapy,"Electrical stimulation of nerves to relieve pain or improve function, often used for chronic pain or epilepsy."
Treatments,Peritoneal Dialysis,A type of dialysis where waste is filtered through the lining of the abdomen instead of using a machine.
Treatments,Probiotic Therapy,"Use of beneficial bacteria or yeasts to restore gut health, often after antibiotic use."
Treatments,Orthotic Devices,"Custom-made braces or inserts to support and align the body, often used for orthopedic conditions."
Treatments,Therapeutic Hypothermia,Deliberate cooling of the body to reduce brain damage after cardiac arrest or stroke.
Treatments,Manual Lymphatic Drainage,A gentle massage technique to reduce swelling and improve lymphatic flow.
Treatments,Sedation Dentistry,Use of sedatives to help patients relax during dental procedures.
Treatments,Vagus Nerve Stimulation (VNS),Implantation of a device that stimulates the vagus nerve to treat epilepsy or depression.
Treatments,Hormonal IUD Placement,Insertion of an intrauterine device that releases hormones for contraception or to manage menstrual disorders.
Treatments,Laser Lithotripsy,Use of laser energy to break up stones in the urinary tract.
Treatments,Cryosurgery,"Use of extreme cold to destroy abnormal tissue, such as warts or certain types of cancer."
Treatments,Episiotomy,A surgical incision made in the perineum during childbirth to prevent tearing.
Treatments,Scar Revision Surgery,A procedure to minimize the appearance of scars and restore skin function.
Treatments,Compression Therapy,Use of compression garments or devices to improve circulation and treat conditions like lymphedema or varicose veins.
Treatments,Transcranial Magnetic Stimulation (TMS),Non-invasive brain stimulation using magnetic fields to treat depression or anxiety.
Treatments,Spinal Decompression Therapy,"A nonsurgical treatment to relieve pressure on spinal discs, often used for herniated discs."
Treatments,Pelvic Floor Therapy,Exercises and therapies to strengthen pelvic floor muscles and address incontinence or pelvic pain.
Treatments,Desensitization Therapy,Gradual exposure to allergens or triggers to reduce sensitivity and allergic reactions.
Treatments,Hair Transplant Surgery,Moving hair follicles from one part of the body to another to treat baldness or hair loss.
Treatments,Intravenous Immunoglobulin (IVIG),Infusion of antibodies to boost the immune system in autoimmune or immunodeficient conditions.
Treatments,Nerve Block Injections,Injections of anesthetics or steroids near nerves to reduce pain or inflammation.
Treatments,Endovascular Coiling,A minimally invasive procedure to treat brain aneurysms by filling them with coils to prevent rupture.
Treatments,Corneal Transplant,Replacement of damaged or diseased corneal tissue with healthy donor tissue.
Treatments,Phototherapy,Use of specific wavelengths of light to treat conditions like jaundice in newborns or seasonal affective disorder.
Treatments,Behavioral Modification Therapy,"Techniques to change unhealthy behaviors, often used for conditions like obesity or addiction."
Treatments,Custom Prosthetics Fitting,Designing and fitting personalized prosthetic limbs for improved function and comfort.
Treatments,Scleral Buckling,A surgical procedure to treat retinal detachment by indenting the sclera.
Treatments,Continuous Glucose Monitoring (CGM),Use of wearable devices to track blood sugar levels in real time for diabetes management.
Treatments,Endoscopic Sinus Surgery,A minimally invasive procedure to remove blockages and improve sinus drainage.
Treatments,Tonsillectomy,"Surgical removal of the tonsils, often to treat recurrent infections or breathing problems."
Treatments,Sound Therapy,"Use of sound waves or music to reduce stress, improve sleep, or manage tinnitus."
Lab Test,Complete Blood Count (CBC),"A blood test that evaluates overall health and detects a variety of disorders, such as anemia, infection, and leukemia, by measuring red and white blood cells, hemoglobin, and platelets."
Lab Test,Basic Metabolic Panel (BMP),"Measures glucose, calcium, and electrolyte levels, as well as kidney function markers like blood urea nitrogen (BUN) and creatinine."
Lab Test,Comprehensive Metabolic Panel (CMP),"Includes all BMP tests and additional markers for liver function, such as albumin, bilirubin, and liver enzymes (ALT, AST, ALP)"
Lab Test,Lipid Panel,"Measures levels of cholesterol and triglycerides in the blood, including LDL (bad cholesterol) and HDL (good cholesterol), to assess cardiovascular health."
Lab Test,Thyroid Function Tests (TFTs),"Measures levels of thyroid hormones (T3, T4) and thyroid-stimulating hormone (TSH) to evaluate thyroid gland function."
Lab Test,Hemoglobin A1c (HbA1c),"Reflects average blood sugar levels over the past 2-3 months, used to diagnose and monitor diabetes."
Lab Test,Prothrombin Time (PT) and INR,"Measures the time it takes for blood to clot, used to evaluate clotting disorders or monitor anticoagulant therapy."
Lab Test,Activated Partial Thromboplastin Time (aPTT),"Evaluates the function of certain clotting factors, often used to monitor heparin therapy."
Lab Test,Urinalysis,"Examines urine for physical, chemical, and microscopic properties to detect infections, kidney disease, or metabolic disorders."
Lab Test,Liver Function Tests (LFTs),"Includes tests like ALT, AST, bilirubin, and alkaline phosphatase to assess liver health."
Lab Test,C-Reactive Protein (CRP),"Measures inflammation in the body, often elevated in infections or chronic inflammatory conditions."
Lab Test,Erythrocyte Sedimentation Rate (ESR),"Measures how quickly red blood cells settle at the bottom of a test tube, indicating inflammation or infection"
Lab Test,Blood Culture,Detects bacterial or fungal infections in the bloodstream
Lab Test,D-Dimer Test,"Measures fibrin degradation products in the blood, used to detect blood clots such as deep vein thrombosis (DVT) or pulmonary embolism (PE)."
Lab Test,Ferritin Test,"Measures the amount of stored iron in the body, used to diagnose anemia or iron overload."
Lab Test,Vitamin D Test,Measures the level of vitamin D in the blood to evaluate bone health and calcium metabolism.
Lab Test,Rheumatoid Factor (RF) Test,Detects antibodies associated with rheumatoid arthritis and other autoimmune diseases.
Lab Test,Antinuclear Antibody (ANA) Test,Identifies autoantibodies often present in autoimmune disorders like lupus.
Lab Test,HIV Test,Detects antibodies or antigens associated with HIV infection.
Lab Test,Rapid Strep Test,"Detects streptococcal bacteria, the cause of strep throat."
Lab Test,Pregnancy Test (hCG Test),Measures human chorionic gonadotropin hormone in blood or urine to confirm pregnancy.
Lab Test,Bone Marrow Biopsy,Analyzes bone marrow samples to diagnose conditions like leukemia or anemia.
Lab Test,PSA Test (Prostate-Specific Antigen),Measures PSA levels in the blood to screen for prostate cancer or monitor treatment.
Lab Test,Arterial Blood Gas (ABG),"Measures oxygen, carbon dioxide, and pH levels in arterial blood to assess lung function and acid-base balance."
Lab Test,Electrolyte Panel,"Measures levels of sodium, potassium, chloride, and bicarbonate in the blood to assess hydration and electrolyte balance."
Lab Test,Microalbumin Test,"Detects small amounts of albumin in urine, an early indicator of kidney disease."
Lab Test,Culture and Sensitivity (C&S),Identifies the type of bacteria or fungus causing an infection and determines the best antibiotic for treatment.
Lab Test,Blood Glucose Test,Measures blood sugar levels to diagnose and monitor diabetes.
Lab Test,Troponin Test,"Detects proteins released into the blood during a heart attack, used for diagnosing acute coronary syndromes."
Lab Test,Lactate Dehydrogenase (LDH),"Measures an enzyme released during tissue damage, used to assess cell injury or death."
Lab Test,Amylase and Lipase Tests,Measures enzymes produced by the pancreas to diagnose pancreatitis.
Lab Test,TSH Reflex Test,Measures thyroid-stimulating hormone (TSH) and reflexively tests T3 and T4 if TSH is abnormal.
Lab Test,Allergy Testing,Detects specific allergens by measuring IgE antibodies in response to potential triggers.
Lab Test,Hematocrit Test,"Measures the proportion of red blood cells in the blood, used to diagnose anemia or polycythemia."
Lab Test,Serum Albumin Test,"Evaluates protein levels in the blood, an indicator of liver or kidney health and nutritional status."
Lab Test,Creatine Kinase (CK) Test,"Measures enzyme levels released by damaged muscles, often elevated in heart attacks or muscle injuries."
Lab Test,Parathyroid Hormone (PTH) Test,Measures PTH levels to assess calcium regulation and parathyroid gland function.
Lab Test,B-Type Natriuretic Peptide (BNP) Test,Measures BNP levels to evaluate heart failure severity.
Lab Test,Folate Test,"Measures folic acid levels in the blood to detect deficiencies, often linked to anemia."
Lab Test,Sputum Culture,Identifies pathogens in mucus to diagnose respiratory infections like pneumonia or tuberculosis.
Lab Test,Serum Osmolality Test,Measures the concentration of solutes in the blood to assess hydration status and electrolyte balance.
Lab Test,Glycated Hemoglobin (HbA1c),"Assesses average blood glucose levels over 2–3 months, a key metric for diabetes management."
Lab Test,Vitamin B12 Test,Measures B12 levels to evaluate nutritional deficiencies or pernicious anemia.
Lab Test,Fecal Occult Blood Test (FOBT),"Detects hidden blood in stool, a possible sign of colorectal cancer or gastrointestinal bleeding."
Lab Test,Coombs Test (Direct/Indirect),Detects antibodies that may cause hemolytic anemia or issues in pregnancy.
Lab Test,Zinc Test,"Measures zinc levels in the blood, used to detect deficiencies that may affect immune function and wound healing."
Lab Test,Hepatic Panel,"A group of blood tests that assess liver function and include bilirubin, ALT, AST, and ALP."
Lab Test,Cortisol Test,"Measures cortisol levels in blood, saliva, or urine to assess adrenal gland function and diagnose Cushing's syndrome or Addison's disease."
Lab Test,Toxicology Screen,"Detects drugs, alcohol, or toxins in the body for medical or forensic purposes."
Lab Test,Hepatitis Panel,"A series of tests to detect and differentiate between types of hepatitis (A, B, C, etc.)."
Lab Result,Elevated White Blood Cell (WBC) Count,"Indicates infection, inflammation, stress, or immune system activation."
Lab Result,Low White Blood Cell (WBC) Count (Leukopenia),"Suggests bone marrow suppression, viral infection, or autoimmune disorders."
Lab Result,Elevated Hemoglobin,"Indicates dehydration, polycythemia, or high oxygen demand."
Lab Result,Low Hemoglobin (Anemia),"Reflects blood loss, nutritional deficiencies, or chronic diseases"
Lab Result,Elevated Platelet Count (Thrombocytosis),"Suggests inflammation, infection, or bone marrow disorders."
Lab Result,Low Platelet Count (Thrombocytopenia),"Indicates bleeding disorders, bone marrow suppression, or immune-related conditions."
Lab Result,Elevated Blood Glucose (Hyperglycemia),"Reflects diabetes, stress, or metabolic disorders."
Lab Result,Low Blood Glucose (Hypoglycemia),"Indicates insulin overdose, fasting, or endocrine disorders."
Lab Result,Elevated Creatinine,Indicates kidney dysfunction or dehydration.
Lab Result,Low Creatinine,Reflects reduced muscle mass or malnutrition.
Lab Result,Elevated Blood Urea Nitrogen (BUN),"Suggests kidney dysfunction, dehydration, or high protein metabolism."
Lab Result,Low Blood Urea Nitrogen (BUN),"Indicates malnutrition, liver disease, or overhydration."
Lab Result,Elevated Sodium (Hypernatremia),"Reflects dehydration, adrenal dysfunction, or excessive salt intake."
Lab Result,Low Sodium (Hyponatremia),"Indicates overhydration, kidney disease, or adrenal insufficiency."
Lab Result,Elevated Potassium (Hyperkalemia),"Suggests kidney dysfunction, tissue damage, or adrenal insufficiency."
Lab Result,Low Potassium (Hypokalemia),"Reflects diuretic use, malnutrition, or endocrine disorders."
Lab Result,Elevated Calcium (Hypercalcemia),"Indicates parathyroid dysfunction, cancer, or vitamin D overdose."
Lab Result,Low Calcium (Hypocalcemia),"Suggests parathyroid dysfunction, vitamin D deficiency, or kidney disease."
Lab Result,Elevated Liver Enzymes (ALT/AST),"Indicates liver inflammation, infection, or injury."
Lab Result,Elevated Bilirubin,"Reflects liver dysfunction, bile duct obstruction, or hemolysis."
Lab Result,Low Albumin,"Indicates malnutrition, liver disease, or kidney dysfunction."
Lab Result,Elevated Cholesterol (Hypercholesterolemia),"Suggests cardiovascular risk, metabolic syndrome, or genetic disorders."
Lab Result,Elevated Triglycerides,"Reflects metabolic disorders, high-fat diets, or uncontrolled diabetes."
Lab Result,Elevated CRP (C-Reactive Protein),Indicates acute inflammation or infection.
Lab Result,Elevated ESR (Erythrocyte Sedimentation Rate),Suggests chronic inflammation or autoimmune disorders.
Lab Result,Elevated TSH (Thyroid-Stimulating Hormone),Indicates hypothyroidism or thyroid dysfunction.
Lab Result,Low TSH,Suggests hyperthyroidism or pituitary dysfunction
Lab Result,Elevated Hemoglobin A1c,Reflects poor long-term blood sugar control in diabetes.
Lab Result,Elevated D-Dimer,"Indicates blood clot formation or breakdown, often seen in thrombosis."
Lab Result,Elevated BNP (B-Type Natriuretic Peptide),Suggests heart failure or cardiac stress.
Lab Result,Elevated Amylase/Lipase,Reflects pancreatic inflammation or injury.
Lab Result,Elevated Uric Acid,"Indicates gout, kidney dysfunction, or metabolic syndrome."
Lab Result,Elevated Lactate,"Reflects tissue hypoxia, sepsis, or metabolic disorders."
Lab Result,Elevated Troponin,"Suggests cardiac muscle damage, often related to a heart attack."
Lab Result,Elevated Ferritin,"Indicates iron overload, inflammation, or chronic disease"
Lab Result,Low Ferritin,Reflects iron deficiency or anemia.
Lab Result,Elevated Alkaline Phosphatase (ALP),"Indicates liver, bone, or bile duct disorders."
Lab Result,Low Alkaline Phosphatase (ALP),"Suggests malnutrition, hypothyroidism, or zinc deficiency."
Lab Result,Elevated Prothrombin Time (PT),Indicates blood clotting dysfunction or liver disease.
Lab Result,Low Prothrombin Time (PT),Suggests increased clotting risk or vitamin K excess
Lab Result,Elevated Vitamin D,Reflects excessive supplementation or hypercalcemia
Lab Result,Low Vitamin D,"Indicates deficiency, poor bone health, or malabsorption."
Lab Result,Elevated Magnesium,Suggests kidney dysfunction or excessive supplementation.
Lab Result,Low Magnesium,"Reflects malnutrition, chronic alcoholism, or endocrine disorders."
Lab Result,Elevated Fibrinogen,"Indicates inflammation, infection, or clotting disorders."
Lab Result,Low Fibrinogen,Suggests bleeding disorders or liver dysfunction
Lab Result,Elevated Serum Osmolality,"Reflects dehydration, hypernatremia, or high blood glucose."
Lab Result,Low Serum Osmolality,"Indicates overhydration, hyponatremia, or endocrine disorders."
Lab Result,Positive ANA (Antinuclear Antibody),Suggests autoimmune disorders like lupus or rheumatoid arthritis.
Lab Result,Elevated CK (Creatine Kinase),"Reflects muscle damage, heart attack, or rhabdomyolysis."